<?xml version="1.0" encoding="UTF-8"?>
<!-- Copyright ETS-Soft -->
<slides><slide obj="MLS_Slide" id_slide="1" image="bg-sl2.jpg" repeat_x="0" repeat_y="0" sort_order="1" backgroud_color="#f5f5f2" custom_class="" enabled="1" animation_in="zoomInFlipHoriz" animation_out="zoomOutFlipVert" title="Slide 1" link_img="/etssoft/revo/modules/ets_multilayerslider/views/img/upload/bg-sl2.jpg" max_layer_in="3500" max_layer_out="1200"><layers><layer obj="MLS_Layer" id_slide="1" layer_type="text" font_size="30.00" text_color="#333333" custom_class="underline_color" background_color="#F3F3F3" background_opacity="1.00" font_family="" font_weight="normal" text_decoration="underline" text_transform="uppercase" padding="5px 10px" box_radius="20" top="110.00" left="1144.48" right="0.00" top_right="0.00" animation_in="fadeInLeft" animation_out="fadeOutLeft" width="" height="" sort_order="1" move_in="1000" move_out="500" stand_duration="0" start_delay="0" image="" content_layer="New HTC Design" link="" link_image="/etssoft/revo/modules/ets_multilayerslider/views/img/upload/"/><layer obj="MLS_Layer" id_slide="1" layer_type="text" font_size="16.00" text_color="#333333" custom_class="" background_color="#ec4249" background_opacity="1.00" font_family="" font_weight="normal" text_decoration="none" text_transform="none" padding="10px 20px" box_radius="20" top="158.76" left="1144.21" right="0.00" top_right="0.00" animation_in="slideInRight" animation_out="slideOutRight" width="" height="" sort_order="2" move_in="1000" move_out="700" stand_duration="500" start_delay="900" image="" content_layer="Perefect Android phone with new design and features" link="#" link_image="/etssoft/revo/modules/ets_multilayerslider/views/img/upload/"/><layer obj="MLS_Layer" id_slide="1" layer_type="button" font_size="16.00" text_color="#333333" custom_class="bg_main" background_color="#fcd500" background_opacity="1.00" font_family="" font_weight="600" text_decoration="underline" text_transform="none" padding="13px 25px" box_radius="20" top="208.74" left="1144.87" right="0.00" top_right="0.00" animation_in="zoomIn" animation_out="zoomOut" width="" height="" sort_order="3" move_in="1000" move_out="500" stand_duration="500" start_delay="2500" image="" content_layer="Shop Now" link="http://theme.yourbestcode.com/shopnow/en/16-furniture" link_image="/etssoft/revo/modules/ets_multilayerslider/views/img/upload/"/><layer obj="MLS_Layer" id_slide="1" layer_type="image" font_size="30.00" text_color="#222222" custom_class="" background_color="#F3F3F3" background_opacity="1.00" font_family="" font_weight="normal" text_decoration="none" text_transform="none" padding="5px 10px" box_radius="20" top="50.29" left="710.00" right="0.00" top_right="0.00" animation_in="fadeIn" animation_out="fadeOut" width="" height="" sort_order="4" move_in="1000" move_out="500" stand_duration="0" start_delay="0" image="phone.png" content_layer="" link="" link_image="/etssoft/revo/modules/ets_multilayerslider/views/img/upload/phone.png"/></layers></slide><slide obj="MLS_Slide" id_slide="4" image="bgsl-1.jpg" repeat_x="0" repeat_y="0" sort_order="2" backgroud_color="#f5f5f2" custom_class="" enabled="1" animation_in="zoomInFlipHoriz" animation_out="zoomOutFlipVert" title="Slide 1-2" link_img="/etssoft/revo/modules/ets_multilayerslider/views/img/upload/bgsl-1.jpg" max_layer_in="3500" max_layer_out="1200"><layers><layer obj="MLS_Layer" id_slide="4" layer_type="text" font_size="30.00" text_color="#333333" custom_class="underline_color" background_color="#F3F3F3" background_opacity="1.00" font_family="" font_weight="normal" text_decoration="underline" text_transform="uppercase" padding="5px 10px" box_radius="20" top="110.00" left="1144.48" right="0.00" top_right="0.00" animation_in="fadeInLeft" animation_out="fadeOutLeft" width="" height="" sort_order="1" move_in="1000" move_out="500" stand_duration="0" start_delay="0" image="" content_layer="women handbags" link="" link_image="/etssoft/revo/modules/ets_multilayerslider/views/img/upload/"/><layer obj="MLS_Layer" id_slide="4" layer_type="text" font_size="16.00" text_color="#333333" custom_class="" background_color="#ec4249" background_opacity="1.00" font_family="" font_weight="normal" text_decoration="none" text_transform="none" padding="10px 20px" box_radius="20" top="158.76" left="1144.21" right="0.00" top_right="0.00" animation_in="slideInRight" animation_out="slideOutRight" width="" height="" sort_order="2" move_in="1000" move_out="700" stand_duration="500" start_delay="900" image="" content_layer="New arrivals with special offers" link="#" link_image="/etssoft/revo/modules/ets_multilayerslider/views/img/upload/"/><layer obj="MLS_Layer" id_slide="4" layer_type="button" font_size="16.00" text_color="#333333" custom_class="bg_main" background_color="#fcd500" background_opacity="1.00" font_family="" font_weight="600" text_decoration="underline" text_transform="none" padding="13px 25px" box_radius="20" top="208.74" left="1144.87" right="0.00" top_right="0.00" animation_in="zoomIn" animation_out="zoomOut" width="" height="" sort_order="3" move_in="1000" move_out="500" stand_duration="500" start_delay="2500" image="" content_layer="Shop Now" link="http://theme.yourbestcode.com/shopnow/en/16-furniture" link_image="/etssoft/revo/modules/ets_multilayerslider/views/img/upload/"/><layer obj="MLS_Layer" id_slide="4" layer_type="image" font_size="30.00" text_color="#222222" custom_class="" background_color="#F3F3F3" background_opacity="1.00" font_family="" font_weight="normal" text_decoration="none" text_transform="none" padding="5px 10px" box_radius="20" top="42.15" left="745.25" right="0.00" top_right="0.00" animation_in="fadeIn" animation_out="fadeOut" width="" height="" sort_order="4" move_in="1000" move_out="500" stand_duration="0" start_delay="0" image="itemsl2.png" content_layer="" link="" link_image="/etssoft/revo/modules/ets_multilayerslider/views/img/upload/itemsl2.png"/></layers></slide></slides>
